{
  "stats": {
    "buckets": {
      "M|f0=0|f1=0": {
        "n": 13,
        "mean": 0.9489852044034139,
        "std": 0.585442143260002,
        "q10": 0.2666334718366901,
        "q25": 0.4711028328940725,
        "median": 0.877906365734632,
        "q75": 1.495763017340522,
        "q90": 1.666259657011372,
        "p_continuation": 0.23076923076923078
      },
      "W|f0=2|f1=2": {
        "n": 11,
        "mean": -1.5234229250585836,
        "std": 0.8360675745630418,
        "q10": -2.4830739780618463,
        "q25": -2.23193906119904,
        "median": -1.5136027330559139,
        "q75": -0.8016593053363481,
        "q90": -0.5235322624966529,
        "p_continuation": 0.5454545454545454
      },
      "W|f0=0|f1=2": {
        "n": 9,
        "mean": -1.1041046371637449,
        "std": 0.8760845306021755,
        "q10": -1.9205619739490774,
        "q25": -1.221256485165395,
        "median": -1.0159095318051994,
        "q75": -0.49071354600778627,
        "q90": -0.3737422120206536,
        "p_continuation": 0.1111111111111111
      },
      "M|f0=1|f1=1": {
        "n": 3,
        "mean": 1.2146283583612647,
        "std": 0.6023512780110778,
        "q10": 0.7183462047603654,
        "q25": 1.0122814562363784,
        "median": 1.5021735420297335,
        "q75": 1.5607478523203853,
        "q90": 1.5958924384947764,
        "p_continuation": 0.3333333333333333
      },
      "M|f0=1|f1=0": {
        "n": 14,
        "mean": 1.3289843552108085,
        "std": 0.7726186702043015,
        "q10": 0.6035503176063478,
        "q25": 0.702696935226115,
        "median": 1.2362955426765572,
        "q75": 1.5424775724014166,
        "q90": 2.220126650229273,
        "p_continuation": 0.2857142857142857
      },
      "M|f0=2|f1=0": {
        "n": 5,
        "mean": 1.3476968135212102,
        "std": 1.3258736797986679,
        "q10": 0.5462627597763446,
        "q25": 0.7647032461309919,
        "median": 0.7766336467381133,
        "q75": 1.1212480998754695,
        "q90": 2.653657223543126,
        "p_continuation": 0.8
      },
      "W|f0=2|f1=1": {
        "n": 9,
        "mean": -1.3061007452840137,
        "std": 0.4477759807758741,
        "q10": -1.7499112818188107,
        "q25": -1.6768586375186731,
        "median": -1.4646299304008383,
        "q75": -1.1147536846565362,
        "q90": -0.7892632430257346,
        "p_continuation": 0.8888888888888888
      },
      "W|f0=0|f1=1": {
        "n": 8,
        "mean": -0.5502477324091154,
        "std": 0.5763857617901011,
        "q10": -1.1262871342516065,
        "q25": -0.8437331492312548,
        "median": -0.26523744296248786,
        "q75": -0.17111659221608905,
        "q90": -0.1284030646247201,
        "p_continuation": 0.625
      },
      "W|f0=1|f1=2": {
        "n": 11,
        "mean": -1.5525767966036752,
        "std": 0.837251064512661,
        "q10": -2.7162001650473067,
        "q25": -1.8444681548073762,
        "median": -1.658539323994838,
        "q75": -0.9795539583344243,
        "q90": -0.49078502776064475,
        "p_continuation": 0.36363636363636365
      },
      "W|f0=1|f1=1": {
        "n": 3,
        "mean": -1.4919927875584567,
        "std": 0.5396270143154628,
        "q10": -1.8561485501881385,
        "q25": -1.798582776360033,
        "median": -1.7026398199798571,
        "q75": -1.2907263149675805,
        "q90": -1.0435782119602144,
        "p_continuation": 0.3333333333333333
      },
      "M|f0=2|f1=1": {
        "n": 6,
        "mean": 2.227827430715428,
        "std": 0.9369817607763037,
        "q10": 1.3159077314263694,
        "q25": 1.4846210722282087,
        "median": 2.10243215164346,
        "q75": 2.8730608583633472,
        "q90": 3.265142409076456,
        "p_continuation": 0.3333333333333333
      },
      "M|f0=0|f1=1": {
        "n": 2,
        "mean": 1.4365669321917411,
        "std": 0.391443402384197,
        "q10": 1.2151331047704612,
        "q25": 1.2981707900534412,
        "median": 1.4365669321917411,
        "q75": 1.5749630743300413,
        "q90": 1.6580007596130213,
        "p_continuation": 0.0
      }
    },
    "by_pattern": {
      "M": {
        "n": 43,
        "mean": 1.338722237710735,
        "std": 0.8585453255004737,
        "q10": 0.4422000038102971,
        "q25": 0.7073788066452112,
        "median": 1.2104713146413784,
        "q75": 1.646887003444895,
        "q90": 2.513815579938035,
        "p_continuation": 0.32558139534883723
      },
      "W": {
        "n": 51,
        "mean": -1.2628589333777052,
        "std": 0.7846776590142942,
        "q10": -2.298153725696999,
        "q25": -1.7502704312222086,
        "median": -1.183389706982957,
        "q75": -0.5809484477072715,
        "q90": -0.26710252436353954,
        "p_continuation": 0.49019607843137253
      }
    },
    "global": {
      "n": 94,
      "mean": -0.07277392958192934,
      "std": 1.5368078711343776,
      "q10": -1.8003481274408606,
      "q25": -1.2208311130731428,
      "median": -0.23881382946893376,
      "q75": 1.1755847951803613,
      "q90": 1.6783170639427207,
      "p_continuation": 0.4148936170212766
    },
    "feature_edges": {
      "leg3_ratio": [
        0.7290319323008966,
        2.081420511472914
      ],
      "p3_vs_p1_norm": [
        -0.325428784243873,
        0.31923246789397186
      ]
    },
    "bucket_features": [
      "leg3_ratio",
      "p3_vs_p1_norm"
    ],
    "n_train": 94,
    "min_bucket": 30,
    "min_global": 10,
    "target": "dv_norm = (P5.value - P4.value) / mean_leg(P1..P4)"
  },
  "evaluation": {
    "n_evaluated": 37,
    "conditional_mae": 1.1828088819606528,
    "global_mae": 1.776133417805244,
    "mae_reduction_pct": 33.40540355227133,
    "coverage_10_90": 0.6216216216216216,
    "continuation_brier": 0.26042483241455466,
    "realized_continuation_rate": 0.4594594594594595
  }
}