{
  "base": {
    "label": "우량주 30",
    "requested": 30,
    "loaded": 29,
    "exposure": 0.747152323040477,
    "cagr": 0.13708832277810434,
    "mdd": -0.2746944119425462,
    "sharpe": 1.139968509189787,
    "bnh_cagr": 0.1787358744277654,
    "bnh_mdd": -0.5239351445964812,
    "bnh_sharpe": 1.0453321696026923,
    "sharpe_vs_bnh": 0.09463633958709483
  },
  "extended": {
    "label": "확장(부진 포함)",
    "requested": 59,
    "loaded": 54,
    "exposure": 0.8219136433992315,
    "cagr": 0.15821769995868618,
    "mdd": -0.35435136610320683,
    "sharpe": 1.1225906809012995,
    "bnh_cagr": 0.1735992185880515,
    "bnh_mdd": -0.53066006685098,
    "bnh_sharpe": 0.9785685579015525,
    "sharpe_vs_bnh": 0.14402212299974704
  }
}