{
  "base": {
    "label": "우량주 30",
    "requested": 30,
    "loaded": 30,
    "exposure": 0.7569884170143493,
    "cagr": 0.13852419982107178,
    "mdd": -0.3009164842161173,
    "sharpe": 1.1321690708597676,
    "bnh_cagr": 0.17977799558064578,
    "bnh_mdd": -0.5351668555394835,
    "bnh_sharpe": 1.045462276538308,
    "sharpe_vs_bnh": 0.08670679432145967
  },
  "extended": {
    "label": "확장(부진 포함)",
    "requested": 59,
    "loaded": 55,
    "exposure": 0.8265995118249475,
    "cagr": 0.1582516746268574,
    "mdd": -0.3632837906087826,
    "sharpe": 1.1216829375603856,
    "bnh_cagr": 0.17509128094341553,
    "bnh_mdd": -0.5284510163398827,
    "bnh_sharpe": 0.9834540155853235,
    "sharpe_vs_bnh": 0.1382289219750621
  }
}